<?xml version="1.0" encoding="utf-8"?>
<ApplicationInstallerManifest>
   <DefaultInstallationDirectory>/Applications/ZEAL/</DefaultInstallationDirectory>
   <ApplicationName>ZEAL</ApplicationName>
   <ExecutableName>application/ZEAL.exe</ExecutableName>
   <GUID>1879770f-eb58-4bff-89f0-ae3ed5253218</GUID>
   <ApplicationIcon>icon_48.png</ApplicationIcon>
   <Logo>logo1824449573517471692.tmp</Logo>
   <Version>1.0</Version>
   <InstallationNotes>In the following directions, replace MR/v97 by the directory on the target machine where MATLAB is installed, or MR by the directory where the MATLAB Runtime is installed.

If the environment variable DYLD_LIBRARY_PATH is undefined, set it to the following string:

MR/v97/runtime/maci64:MR/v97/sys/os/maci64:MR/v97/bin/maci64

If it is defined, set it to the following:

${DYLD_LIBRARY_PATH}:MR/v97/runtime/maci64:MR/v97/sys/os/maci64:MR/v97/bin/maci64
</InstallationNotes>
   <Summary>ZErnike-based shape ALignment
A tool to align two molecuels based on shape resemblance.</Summary>
   <WelcomePanelText>ZEAL 1.0
ZErnike-based shape ALignment
A tool to align two molecuels based on shape resemblance.

The molecular shape can be described as a shell of the solvent-accessible/excluded surface, or as a density similar to the electron density. This shape is then projected onto a 3D basis set of Zernike-Canterakis functions up to a specific order; the higher the order, the higher is the level of detail captured by the moments associated with each member of the set. ZEAL will find the optimal alignment by searching for the rotation that maximizes the correlation of the moments.

It is also possible to interactively align the structures using the mouse, in which case the new orientation will serve as the starting point for the search.

For details, see the publication in Journal X

Filip Persson-Ljung
filip.persson@gmail.com</WelcomePanelText>
   <MCRProducts>
      <MCRProduct>
         <ExternalProductIdentifier>35000</ExternalProductIdentifier>
      </MCRProduct>
      <MCRProduct>
         <ExternalProductIdentifier>35010</ExternalProductIdentifier>
      </MCRProduct>
      <MCRProduct>
         <ExternalProductIdentifier>35106</ExternalProductIdentifier>
      </MCRProduct>
      <MCRProduct>
         <ExternalProductIdentifier>35108</ExternalProductIdentifier>
      </MCRProduct>
      <MCRProduct>
         <ExternalProductIdentifier>35112</ExternalProductIdentifier>
      </MCRProduct>
      <MCRProduct>
         <ExternalProductIdentifier>35117</ExternalProductIdentifier>
      </MCRProduct>
      <MCRProduct>
         <ExternalProductIdentifier>35119</ExternalProductIdentifier>
      </MCRProduct>
      <MCRProduct>
         <ExternalProductIdentifier>35180</ExternalProductIdentifier>
      </MCRProduct>
      <MCRProduct>
         <ExternalProductIdentifier>35183</ExternalProductIdentifier>
      </MCRProduct>
      <MCRProduct>
         <ExternalProductIdentifier>35190</ExternalProductIdentifier>
      </MCRProduct>
      <MCRProduct>
         <ExternalProductIdentifier>35196</ExternalProductIdentifier>
      </MCRProduct>
   </MCRProducts>
</ApplicationInstallerManifest>