<?xml version="1.0" encoding="utf-8"?>
<ApplicationInstallerManifest>
   <DefaultInstallationDirectory>/Applications/ZEAL/</DefaultInstallationDirectory>
   <ApplicationName>ZEAL</ApplicationName>
   <ExecutableName>application/ZEAL.exe</ExecutableName>
   <GUID>55de5d3e-4831-4079-947c-cc8dec28c065</GUID>
   <ApplicationIcon>icon_48.png</ApplicationIcon>
   <Logo>logo8158089778378209106.tmp</Logo>
   <Version>1.0</Version>
   <InstallationNotes>In the following directions, replace MR/v98 by the directory on the target machine where MATLAB is installed, or MR by the directory where the MATLAB Runtime is installed.

If the environment variable DYLD_LIBRARY_PATH is undefined, set it to the following string:

MR/v98/runtime/maci64:MR/v98/sys/os/maci64:MR/v98/bin/maci64

If it is defined, set it to the following:

${DYLD_LIBRARY_PATH}:MR/v98/runtime/maci64:MR/v98/sys/os/maci64:MR/v98/bin/maci64
</InstallationNotes>
   <Summary>ZErnike-based protein shape ALignment</Summary>
   <WelcomePanelText>ZEAL 1.0
ZErnike-based protein shape ALignment

A tool for aligning two molecules based on shape similarity.

Filip Ljung
filip.persson@gmail.com</WelcomePanelText>
   <MCRProducts>
      <MCRProduct>
         <ExternalProductIdentifier>35000</ExternalProductIdentifier>
      </MCRProduct>
      <MCRProduct>
         <ExternalProductIdentifier>35010</ExternalProductIdentifier>
      </MCRProduct>
      <MCRProduct>
         <ExternalProductIdentifier>35106</ExternalProductIdentifier>
      </MCRProduct>
      <MCRProduct>
         <ExternalProductIdentifier>35108</ExternalProductIdentifier>
      </MCRProduct>
      <MCRProduct>
         <ExternalProductIdentifier>35112</ExternalProductIdentifier>
      </MCRProduct>
      <MCRProduct>
         <ExternalProductIdentifier>35117</ExternalProductIdentifier>
      </MCRProduct>
      <MCRProduct>
         <ExternalProductIdentifier>35119</ExternalProductIdentifier>
      </MCRProduct>
      <MCRProduct>
         <ExternalProductIdentifier>35180</ExternalProductIdentifier>
      </MCRProduct>
      <MCRProduct>
         <ExternalProductIdentifier>35183</ExternalProductIdentifier>
      </MCRProduct>
      <MCRProduct>
         <ExternalProductIdentifier>35190</ExternalProductIdentifier>
      </MCRProduct>
      <MCRProduct>
         <ExternalProductIdentifier>35196</ExternalProductIdentifier>
      </MCRProduct>
   </MCRProducts>
</ApplicationInstallerManifest>